Postcode,Country,State,Dwelling Types,Number of Bedrooms,"Median Weekly Rent for New Bonds
$"
2000,Australia,NSW,Flat/Unit,1 Bedroom,850
2007,Australia,NSW,Flat/Unit,1 Bedroom,649
2008,Australia,NSW,Flat/Unit,1 Bedroom,810
2009,Australia,NSW,Flat/Unit,1 Bedroom,720
2010,Australia,NSW,Flat/Unit,1 Bedroom,700
2011,Australia,NSW,Flat/Unit,1 Bedroom,670
2015,Australia,NSW,Flat/Unit,1 Bedroom,725
2016,Australia,NSW,Flat/Unit,1 Bedroom,750
2017,Australia,NSW,Flat/Unit,1 Bedroom,830
2018,Australia,NSW,Flat/Unit,1 Bedroom,800
2019,Australia,NSW,Flat/Unit,1 Bedroom,710
2020,Australia,NSW,Flat/Unit,1 Bedroom,800
2021,Australia,NSW,Flat/Unit,1 Bedroom,600
2022,Australia,NSW,Flat/Unit,1 Bedroom,850
2023,Australia,NSW,Flat/Unit,1 Bedroom,650
2024,Australia,NSW,Flat/Unit,1 Bedroom,723
2025,Australia,NSW,Flat/Unit,1 Bedroom,650
2026,Australia,NSW,Flat/Unit,1 Bedroom,800
2027,Australia,NSW,Flat/Unit,1 Bedroom,700
2029,Australia,NSW,Flat/Unit,1 Bedroom,670
2031,Australia,NSW,Flat/Unit,1 Bedroom,750
2032,Australia,NSW,Flat/Unit,1 Bedroom,590
2033,Australia,NSW,Flat/Unit,1 Bedroom,730
2034,Australia,NSW,Flat/Unit,1 Bedroom,770
2035,Australia,NSW,Flat/Unit,1 Bedroom,700
2036,Australia,NSW,Flat/Unit,1 Bedroom,820
2037,Australia,NSW,Flat/Unit,1 Bedroom,700
2038,Australia,NSW,Flat/Unit,1 Bedroom,525
2039,Australia,NSW,Flat/Unit,1 Bedroom,725
2040,Australia,NSW,Flat/Unit,1 Bedroom,600
2041,Australia,NSW,Flat/Unit,1 Bedroom,615
2042,Australia,NSW,Flat/Unit,1 Bedroom,565
2043,Australia,NSW,Flat/Unit,1 Bedroom,748
2044,Australia,NSW,Flat/Unit,1 Bedroom,688
2046,Australia,NSW,Flat/Unit,1 Bedroom,685
2047,Australia,NSW,Flat/Unit,1 Bedroom,650
2048,Australia,NSW,Flat/Unit,1 Bedroom,580
2049,Australia,NSW,Flat/Unit,1 Bedroom,600
2050,Australia,NSW,Flat/Unit,1 Bedroom,725
2060,Australia,NSW,Flat/Unit,1 Bedroom,720
2061,Australia,NSW,Flat/Unit,1 Bedroom,738
2062,Australia,NSW,Flat/Unit,1 Bedroom,595
2064,Australia,NSW,Flat/Unit,1 Bedroom,610
2065,Australia,NSW,Flat/Unit,1 Bedroom,720
2066,Australia,NSW,Flat/Unit,1 Bedroom,680
2067,Australia,NSW,Flat/Unit,1 Bedroom,750
2068,Australia,NSW,Flat/Unit,1 Bedroom,620
2070,Australia,NSW,Flat/Unit,1 Bedroom,705
2071,Australia,NSW,Flat/Unit,1 Bedroom,650
2072,Australia,NSW,Flat/Unit,1 Bedroom,650
2077,Australia,NSW,Flat/Unit,1 Bedroom,570
2088,Australia,NSW,Flat/Unit,1 Bedroom,615
2089,Australia,NSW,Flat/Unit,1 Bedroom,640
2090,Australia,NSW,Flat/Unit,1 Bedroom,650
2093,Australia,NSW,Flat/Unit,1 Bedroom,660
2095,Australia,NSW,Flat/Unit,1 Bedroom,750
2096,Australia,NSW,Flat/Unit,1 Bedroom,670
2097,Australia,NSW,Flat/Unit,1 Bedroom,625
2099,Australia,NSW,Flat/Unit,1 Bedroom,620
2100,Australia,NSW,Flat/Unit,1 Bedroom,605
2101,Australia,NSW,Flat/Unit,1 Bedroom,650
2103,Australia,NSW,Flat/Unit,1 Bedroom,650
2107,Australia,NSW,Flat/Unit,1 Bedroom,620
2111,Australia,NSW,Flat/Unit,1 Bedroom,550
2112,Australia,NSW,Flat/Unit,1 Bedroom,650
2113,Australia,NSW,Flat/Unit,1 Bedroom,710
2114,Australia,NSW,Flat/Unit,1 Bedroom,580
2117,Australia,NSW,Flat/Unit,1 Bedroom,405
2118,Australia,NSW,Flat/Unit,1 Bedroom,625
2119,Australia,NSW,Flat/Unit,1 Bedroom,630
2120,Australia,NSW,Flat/Unit,1 Bedroom,458
2121,Australia,NSW,Flat/Unit,1 Bedroom,660
2122,Australia,NSW,Flat/Unit,1 Bedroom,540
2127,Australia,NSW,Flat/Unit,1 Bedroom,680
2130,Australia,NSW,Flat/Unit,1 Bedroom,550
2131,Australia,NSW,Flat/Unit,1 Bedroom,550
2134,Australia,NSW,Flat/Unit,1 Bedroom,685
2135,Australia,NSW,Flat/Unit,1 Bedroom,580
2137,Australia,NSW,Flat/Unit,1 Bedroom,690
2138,Australia,NSW,Flat/Unit,1 Bedroom,720
2140,Australia,NSW,Flat/Unit,1 Bedroom,600
2141,Australia,NSW,Flat/Unit,1 Bedroom,660
2142,Australia,NSW,Flat/Unit,1 Bedroom,500
2144,Australia,NSW,Flat/Unit,1 Bedroom,560
2145,Australia,NSW,Flat/Unit,1 Bedroom,555
2148,Australia,NSW,Flat/Unit,1 Bedroom,440
2150,Australia,NSW,Flat/Unit,1 Bedroom,600
2153,Australia,NSW,Flat/Unit,1 Bedroom,600
2154,Australia,NSW,Flat/Unit,1 Bedroom,650
2155,Australia,NSW,Flat/Unit,1 Bedroom,590
2160,Australia,NSW,Flat/Unit,1 Bedroom,615
2161,Australia,NSW,Flat/Unit,1 Bedroom,445
2165,Australia,NSW,Flat/Unit,1 Bedroom,350
2166,Australia,NSW,Flat/Unit,1 Bedroom,360
2170,Australia,NSW,Flat/Unit,1 Bedroom,500
2174,Australia,NSW,Flat/Unit,1 Bedroom,595
2190,Australia,NSW,Flat/Unit,1 Bedroom,418
2192,Australia,NSW,Flat/Unit,1 Bedroom,480
2193,Australia,NSW,Flat/Unit,1 Bedroom,600
2194,Australia,NSW,Flat/Unit,1 Bedroom,550
2195,Australia,NSW,Flat/Unit,1 Bedroom,410
2196,Australia,NSW,Flat/Unit,1 Bedroom,520
2200,Australia,NSW,Flat/Unit,1 Bedroom,520
2203,Australia,NSW,Flat/Unit,1 Bedroom,550
2204,Australia,NSW,Flat/Unit,1 Bedroom,620
2205,Australia,NSW,Flat/Unit,1 Bedroom,715
2207,Australia,NSW,Flat/Unit,1 Bedroom,490
2210,Australia,NSW,Flat/Unit,1 Bedroom,570
2216,Australia,NSW,Flat/Unit,1 Bedroom,620
2217,Australia,NSW,Flat/Unit,1 Bedroom,650
2219,Australia,NSW,Flat/Unit,1 Bedroom,590
2220,Australia,NSW,Flat/Unit,1 Bedroom,650
2228,Australia,NSW,Flat/Unit,1 Bedroom,650
2229,Australia,NSW,Flat/Unit,1 Bedroom,528
2230,Australia,NSW,Flat/Unit,1 Bedroom,525
2232,Australia,NSW,Flat/Unit,1 Bedroom,575
2250,Australia,NSW,Flat/Unit,1 Bedroom,435
2257,Australia,NSW,Flat/Unit,1 Bedroom,400
2260,Australia,NSW,Flat/Unit,1 Bedroom,440
2261,Australia,NSW,Flat/Unit,1 Bedroom,390
2287,Australia,NSW,Flat/Unit,1 Bedroom,350
2290,Australia,NSW,Flat/Unit,1 Bedroom,475
2291,Australia,NSW,Flat/Unit,1 Bedroom,480
2298,Australia,NSW,Flat/Unit,1 Bedroom,445
2299,Australia,NSW,Flat/Unit,1 Bedroom,440
2300,Australia,NSW,Flat/Unit,1 Bedroom,550
2304,Australia,NSW,Flat/Unit,1 Bedroom,380
2340,Australia,NSW,Flat/Unit,1 Bedroom,300
2350,Australia,NSW,Flat/Unit,1 Bedroom,260
2430,Australia,NSW,Flat/Unit,1 Bedroom,315
2444,Australia,NSW,Flat/Unit,1 Bedroom,393
2450,Australia,NSW,Flat/Unit,1 Bedroom,420
2452,Australia,NSW,Flat/Unit,1 Bedroom,390
2480,Australia,NSW,Flat/Unit,1 Bedroom,335
2481,Australia,NSW,Flat/Unit,1 Bedroom,590
2484,Australia,NSW,Flat/Unit,1 Bedroom,425
2500,Australia,NSW,Flat/Unit,1 Bedroom,475
2502,Australia,NSW,Flat/Unit,1 Bedroom,360
2541,Australia,NSW,Flat/Unit,1 Bedroom,320
2560,Australia,NSW,Flat/Unit,1 Bedroom,400
2570,Australia,NSW,Flat/Unit,1 Bedroom,440
2620,Australia,NSW,Flat/Unit,1 Bedroom,350
2627,Australia,NSW,Flat/Unit,1 Bedroom,500
2630,Australia,NSW,Flat/Unit,1 Bedroom,305
2640,Australia,NSW,Flat/Unit,1 Bedroom,330
2650,Australia,NSW,Flat/Unit,1 Bedroom,330
2747,Australia,NSW,Flat/Unit,1 Bedroom,380
2750,Australia,NSW,Flat/Unit,1 Bedroom,523
2760,Australia,NSW,Flat/Unit,1 Bedroom,430
2762,Australia,NSW,Flat/Unit,1 Bedroom,580
2763,Australia,NSW,Flat/Unit,1 Bedroom,535
2770,Australia,NSW,Flat/Unit,1 Bedroom,375
2795,Australia,NSW,Flat/Unit,1 Bedroom,315
2800,Australia,NSW,Flat/Unit,1 Bedroom,365
2830,Australia,NSW,Flat/Unit,1 Bedroom,375
2835,Australia,NSW,Flat/Unit,1 Bedroom,218
2008,Australia,NSW,House,1 Bedroom,300
2010,Australia,NSW,House,1 Bedroom,735
2011,Australia,NSW,House,1 Bedroom,600
2026,Australia,NSW,House,1 Bedroom,870
2032,Australia,NSW,House,1 Bedroom,520
2035,Australia,NSW,House,1 Bedroom,450
2042,Australia,NSW,House,1 Bedroom,450
2049,Australia,NSW,House,1 Bedroom,500
2099,Australia,NSW,House,1 Bedroom,600
2145,Australia,NSW,House,1 Bedroom,473
2148,Australia,NSW,House,1 Bedroom,363
2150,Australia,NSW,House,1 Bedroom,565
2170,Australia,NSW,House,1 Bedroom,450
2179,Australia,NSW,House,1 Bedroom,405
2250,Australia,NSW,House,1 Bedroom,410
2259,Australia,NSW,House,1 Bedroom,390
2261,Australia,NSW,House,1 Bedroom,350
2263,Australia,NSW,House,1 Bedroom,360
2285,Australia,NSW,House,1 Bedroom,370
2299,Australia,NSW,House,1 Bedroom,270
2300,Australia,NSW,House,1 Bedroom,550
2340,Australia,NSW,House,1 Bedroom,300
2350,Australia,NSW,House,1 Bedroom,230
2480,Australia,NSW,House,1 Bedroom,300
2481,Australia,NSW,House,1 Bedroom,690
2541,Australia,NSW,House,1 Bedroom,270
2560,Australia,NSW,House,1 Bedroom,380
2565,Australia,NSW,House,1 Bedroom,420
2570,Australia,NSW,House,1 Bedroom,450
2650,Australia,NSW,House,1 Bedroom,280
2750,Australia,NSW,House,1 Bedroom,490
2760,Australia,NSW,House,1 Bedroom,360
2770,Australia,NSW,House,1 Bedroom,350
2800,Australia,NSW,House,1 Bedroom,415
2000,Australia,NSW,Other,1 Bedroom,784
2007,Australia,NSW,Other,1 Bedroom,509
2008,Australia,NSW,Other,1 Bedroom,779
2016,Australia,NSW,Other,1 Bedroom,775
2020,Australia,NSW,Other,1 Bedroom,715
2033,Australia,NSW,Other,1 Bedroom,787
2050,Australia,NSW,Other,1 Bedroom,282
2067,Australia,NSW,Other,1 Bedroom,625
2130,Australia,NSW,Other,1 Bedroom,580
2134,Australia,NSW,Other,1 Bedroom,620
2135,Australia,NSW,Other,1 Bedroom,550
2142,Australia,NSW,Other,1 Bedroom,360
2145,Australia,NSW,Other,1 Bedroom,390
2166,Australia,NSW,Other,1 Bedroom,320
2170,Australia,NSW,Other,1 Bedroom,350
2200,Australia,NSW,Other,1 Bedroom,408
2287,Australia,NSW,Other,1 Bedroom,223
2298,Australia,NSW,Other,1 Bedroom,235
2299,Australia,NSW,Other,1 Bedroom,225
2300,Australia,NSW,Other,1 Bedroom,300
2304,Australia,NSW,Other,1 Bedroom,245
2307,Australia,NSW,Other,1 Bedroom,290
2450,Australia,NSW,Other,1 Bedroom,330
2747,Australia,NSW,Other,1 Bedroom,370
2000,Australia,NSW,Flat/Unit,2 Bedrooms,1270
2007,Australia,NSW,Flat/Unit,2 Bedrooms,975
2008,Australia,NSW,Flat/Unit,2 Bedrooms,1000
2009,Australia,NSW,Flat/Unit,2 Bedrooms,950
2010,Australia,NSW,Flat/Unit,2 Bedrooms,988
2011,Australia,NSW,Flat/Unit,2 Bedrooms,1098
2015,Australia,NSW,Flat/Unit,2 Bedrooms,918
2016,Australia,NSW,Flat/Unit,2 Bedrooms,950
2017,Australia,NSW,Flat/Unit,2 Bedrooms,1120
2018,Australia,NSW,Flat/Unit,2 Bedrooms,950
2019,Australia,NSW,Flat/Unit,2 Bedrooms,920
2020,Australia,NSW,Flat/Unit,2 Bedrooms,1050
2021,Australia,NSW,Flat/Unit,2 Bedrooms,890
2022,Australia,NSW,Flat/Unit,2 Bedrooms,1100
2023,Australia,NSW,Flat/Unit,2 Bedrooms,900
2024,Australia,NSW,Flat/Unit,2 Bedrooms,973
2025,Australia,NSW,Flat/Unit,2 Bedrooms,900
2026,Australia,NSW,Flat/Unit,2 Bedrooms,1050
2027,Australia,NSW,Flat/Unit,2 Bedrooms,1093
2028,Australia,NSW,Flat/Unit,2 Bedrooms,980
2029,Australia,NSW,Flat/Unit,2 Bedrooms,900
2030,Australia,NSW,Flat/Unit,2 Bedrooms,930
2031,Australia,NSW,Flat/Unit,2 Bedrooms,890
2032,Australia,NSW,Flat/Unit,2 Bedrooms,850
2033,Australia,NSW,Flat/Unit,2 Bedrooms,830
2034,Australia,NSW,Flat/Unit,2 Bedrooms,950
2035,Australia,NSW,Flat/Unit,2 Bedrooms,875
2036,Australia,NSW,Flat/Unit,2 Bedrooms,1050
2037,Australia,NSW,Flat/Unit,2 Bedrooms,1100
2038,Australia,NSW,Flat/Unit,2 Bedrooms,800
2039,Australia,NSW,Flat/Unit,2 Bedrooms,950
2040,Australia,NSW,Flat/Unit,2 Bedrooms,815
2041,Australia,NSW,Flat/Unit,2 Bedrooms,850
2042,Australia,NSW,Flat/Unit,2 Bedrooms,795
2043,Australia,NSW,Flat/Unit,2 Bedrooms,1000
2044,Australia,NSW,Flat/Unit,2 Bedrooms,950
2046,Australia,NSW,Flat/Unit,2 Bedrooms,780
2047,Australia,NSW,Flat/Unit,2 Bedrooms,765
2048,Australia,NSW,Flat/Unit,2 Bedrooms,700
2049,Australia,NSW,Flat/Unit,2 Bedrooms,765
2050,Australia,NSW,Flat/Unit,2 Bedrooms,950
2060,Australia,NSW,Flat/Unit,2 Bedrooms,1000
2061,Australia,NSW,Flat/Unit,2 Bedrooms,1100
2062,Australia,NSW,Flat/Unit,2 Bedrooms,795
2063,Australia,NSW,Flat/Unit,2 Bedrooms,850
2064,Australia,NSW,Flat/Unit,2 Bedrooms,760
2065,Australia,NSW,Flat/Unit,2 Bedrooms,958
2066,Australia,NSW,Flat/Unit,2 Bedrooms,750
2067,Australia,NSW,Flat/Unit,2 Bedrooms,910
2068,Australia,NSW,Flat/Unit,2 Bedrooms,800
2069,Australia,NSW,Flat/Unit,2 Bedrooms,850
2070,Australia,NSW,Flat/Unit,2 Bedrooms,790
2071,Australia,NSW,Flat/Unit,2 Bedrooms,795
2072,Australia,NSW,Flat/Unit,2 Bedrooms,785
2073,Australia,NSW,Flat/Unit,2 Bedrooms,800
2074,Australia,NSW,Flat/Unit,2 Bedrooms,745
2075,Australia,NSW,Flat/Unit,2 Bedrooms,850
2077,Australia,NSW,Flat/Unit,2 Bedrooms,670
2088,Australia,NSW,Flat/Unit,2 Bedrooms,850
2089,Australia,NSW,Flat/Unit,2 Bedrooms,825
2090,Australia,NSW,Flat/Unit,2 Bedrooms,875
2093,Australia,NSW,Flat/Unit,2 Bedrooms,800
2094,Australia,NSW,Flat/Unit,2 Bedrooms,1050
2095,Australia,NSW,Flat/Unit,2 Bedrooms,1150
2096,Australia,NSW,Flat/Unit,2 Bedrooms,880
2097,Australia,NSW,Flat/Unit,2 Bedrooms,850
2099,Australia,NSW,Flat/Unit,2 Bedrooms,800
2100,Australia,NSW,Flat/Unit,2 Bedrooms,800
2101,Australia,NSW,Flat/Unit,2 Bedrooms,875
2102,Australia,NSW,Flat/Unit,2 Bedrooms,960
2103,Australia,NSW,Flat/Unit,2 Bedrooms,860
2106,Australia,NSW,Flat/Unit,2 Bedrooms,780
2110,Australia,NSW,Flat/Unit,2 Bedrooms,600
2111,Australia,NSW,Flat/Unit,2 Bedrooms,675
2112,Australia,NSW,Flat/Unit,2 Bedrooms,780
2113,Australia,NSW,Flat/Unit,2 Bedrooms,920
2114,Australia,NSW,Flat/Unit,2 Bedrooms,600
2115,Australia,NSW,Flat/Unit,2 Bedrooms,750
2117,Australia,NSW,Flat/Unit,2 Bedrooms,615
2118,Australia,NSW,Flat/Unit,2 Bedrooms,700
2119,Australia,NSW,Flat/Unit,2 Bedrooms,660
2120,Australia,NSW,Flat/Unit,2 Bedrooms,720
2121,Australia,NSW,Flat/Unit,2 Bedrooms,770
2122,Australia,NSW,Flat/Unit,2 Bedrooms,638
2127,Australia,NSW,Flat/Unit,2 Bedrooms,835
2130,Australia,NSW,Flat/Unit,2 Bedrooms,690
2131,Australia,NSW,Flat/Unit,2 Bedrooms,675
2132,Australia,NSW,Flat/Unit,2 Bedrooms,625
2133,Australia,NSW,Flat/Unit,2 Bedrooms,560
2134,Australia,NSW,Flat/Unit,2 Bedrooms,878
2135,Australia,NSW,Flat/Unit,2 Bedrooms,750
2136,Australia,NSW,Flat/Unit,2 Bedrooms,660
2137,Australia,NSW,Flat/Unit,2 Bedrooms,800
2138,Australia,NSW,Flat/Unit,2 Bedrooms,940
2140,Australia,NSW,Flat/Unit,2 Bedrooms,700
2141,Australia,NSW,Flat/Unit,2 Bedrooms,780
2142,Australia,NSW,Flat/Unit,2 Bedrooms,630
2143,Australia,NSW,Flat/Unit,2 Bedrooms,610
2144,Australia,NSW,Flat/Unit,2 Bedrooms,650
2145,Australia,NSW,Flat/Unit,2 Bedrooms,620
2146,Australia,NSW,Flat/Unit,2 Bedrooms,630
2147,Australia,NSW,Flat/Unit,2 Bedrooms,520
2148,Australia,NSW,Flat/Unit,2 Bedrooms,560
2150,Australia,NSW,Flat/Unit,2 Bedrooms,680
2151,Australia,NSW,Flat/Unit,2 Bedrooms,560
2152,Australia,NSW,Flat/Unit,2 Bedrooms,600
2153,Australia,NSW,Flat/Unit,2 Bedrooms,720
2154,Australia,NSW,Flat/Unit,2 Bedrooms,760
2155,Australia,NSW,Flat/Unit,2 Bedrooms,660
2160,Australia,NSW,Flat/Unit,2 Bedrooms,640
2161,Australia,NSW,Flat/Unit,2 Bedrooms,540
2162,Australia,NSW,Flat/Unit,2 Bedrooms,573
2163,Australia,NSW,Flat/Unit,2 Bedrooms,465
2165,Australia,NSW,Flat/Unit,2 Bedrooms,450
2166,Australia,NSW,Flat/Unit,2 Bedrooms,430
2170,Australia,NSW,Flat/Unit,2 Bedrooms,525
2174,Australia,NSW,Flat/Unit,2 Bedrooms,710
2190,Australia,NSW,Flat/Unit,2 Bedrooms,680
2192,Australia,NSW,Flat/Unit,2 Bedrooms,560
2193,Australia,NSW,Flat/Unit,2 Bedrooms,720
2194,Australia,NSW,Flat/Unit,2 Bedrooms,580
2195,Australia,NSW,Flat/Unit,2 Bedrooms,500
2196,Australia,NSW,Flat/Unit,2 Bedrooms,550
2199,Australia,NSW,Flat/Unit,2 Bedrooms,600
2200,Australia,NSW,Flat/Unit,2 Bedrooms,600
2203,Australia,NSW,Flat/Unit,2 Bedrooms,680
2204,Australia,NSW,Flat/Unit,2 Bedrooms,750
2205,Australia,NSW,Flat/Unit,2 Bedrooms,880
2206,Australia,NSW,Flat/Unit,2 Bedrooms,650
2207,Australia,NSW,Flat/Unit,2 Bedrooms,605
2208,Australia,NSW,Flat/Unit,2 Bedrooms,610
2209,Australia,NSW,Flat/Unit,2 Bedrooms,603
2210,Australia,NSW,Flat/Unit,2 Bedrooms,660
2211,Australia,NSW,Flat/Unit,2 Bedrooms,550
2212,Australia,NSW,Flat/Unit,2 Bedrooms,600
2216,Australia,NSW,Flat/Unit,2 Bedrooms,700
2217,Australia,NSW,Flat/Unit,2 Bedrooms,700
2218,Australia,NSW,Flat/Unit,2 Bedrooms,670
2219,Australia,NSW,Flat/Unit,2 Bedrooms,650
2220,Australia,NSW,Flat/Unit,2 Bedrooms,720
2221,Australia,NSW,Flat/Unit,2 Bedrooms,715
2222,Australia,NSW,Flat/Unit,2 Bedrooms,600
2223,Australia,NSW,Flat/Unit,2 Bedrooms,620
2226,Australia,NSW,Flat/Unit,2 Bedrooms,590
2227,Australia,NSW,Flat/Unit,2 Bedrooms,680
2228,Australia,NSW,Flat/Unit,2 Bedrooms,700
2229,Australia,NSW,Flat/Unit,2 Bedrooms,680
2230,Australia,NSW,Flat/Unit,2 Bedrooms,725
2232,Australia,NSW,Flat/Unit,2 Bedrooms,660
2233,Australia,NSW,Flat/Unit,2 Bedrooms,650
2250,Australia,NSW,Flat/Unit,2 Bedrooms,570
2251,Australia,NSW,Flat/Unit,2 Bedrooms,595
2256,Australia,NSW,Flat/Unit,2 Bedrooms,505
2257,Australia,NSW,Flat/Unit,2 Bedrooms,495
2259,Australia,NSW,Flat/Unit,2 Bedrooms,480
2260,Australia,NSW,Flat/Unit,2 Bedrooms,590
2261,Australia,NSW,Flat/Unit,2 Bedrooms,500
2262,Australia,NSW,Flat/Unit,2 Bedrooms,430
2263,Australia,NSW,Flat/Unit,2 Bedrooms,450
2280,Australia,NSW,Flat/Unit,2 Bedrooms,520
2281,Australia,NSW,Flat/Unit,2 Bedrooms,595
2285,Australia,NSW,Flat/Unit,2 Bedrooms,520
2287,Australia,NSW,Flat/Unit,2 Bedrooms,550
2289,Australia,NSW,Flat/Unit,2 Bedrooms,550
2290,Australia,NSW,Flat/Unit,2 Bedrooms,550
2291,Australia,NSW,Flat/Unit,2 Bedrooms,600
2298,Australia,NSW,Flat/Unit,2 Bedrooms,515
2300,Australia,NSW,Flat/Unit,2 Bedrooms,720
2302,Australia,NSW,Flat/Unit,2 Bedrooms,700
2303,Australia,NSW,Flat/Unit,2 Bedrooms,598
2304,Australia,NSW,Flat/Unit,2 Bedrooms,520
2315,Australia,NSW,Flat/Unit,2 Bedrooms,490
2320,Australia,NSW,Flat/Unit,2 Bedrooms,493
2321,Australia,NSW,Flat/Unit,2 Bedrooms,480
2323,Australia,NSW,Flat/Unit,2 Bedrooms,425
2324,Australia,NSW,Flat/Unit,2 Bedrooms,468
2325,Australia,NSW,Flat/Unit,2 Bedrooms,455
2330,Australia,NSW,Flat/Unit,2 Bedrooms,450
2340,Australia,NSW,Flat/Unit,2 Bedrooms,350
2350,Australia,NSW,Flat/Unit,2 Bedrooms,350
2360,Australia,NSW,Flat/Unit,2 Bedrooms,320
2380,Australia,NSW,Flat/Unit,2 Bedrooms,430
2400,Australia,NSW,Flat/Unit,2 Bedrooms,300
2428,Australia,NSW,Flat/Unit,2 Bedrooms,420
2430,Australia,NSW,Flat/Unit,2 Bedrooms,395
2444,Australia,NSW,Flat/Unit,2 Bedrooms,485
2448,Australia,NSW,Flat/Unit,2 Bedrooms,425
2450,Australia,NSW,Flat/Unit,2 Bedrooms,480
2452,Australia,NSW,Flat/Unit,2 Bedrooms,470
2456,Australia,NSW,Flat/Unit,2 Bedrooms,530
2460,Australia,NSW,Flat/Unit,2 Bedrooms,400
2464,Australia,NSW,Flat/Unit,2 Bedrooms,480
2478,Australia,NSW,Flat/Unit,2 Bedrooms,565
2480,Australia,NSW,Flat/Unit,2 Bedrooms,410
2483,Australia,NSW,Flat/Unit,2 Bedrooms,650
2485,Australia,NSW,Flat/Unit,2 Bedrooms,650
2486,Australia,NSW,Flat/Unit,2 Bedrooms,600
2487,Australia,NSW,Flat/Unit,2 Bedrooms,700
2500,Australia,NSW,Flat/Unit,2 Bedrooms,600
2502,Australia,NSW,Flat/Unit,2 Bedrooms,500
2515,Australia,NSW,Flat/Unit,2 Bedrooms,580
2518,Australia,NSW,Flat/Unit,2 Bedrooms,500
2519,Australia,NSW,Flat/Unit,2 Bedrooms,550
2528,Australia,NSW,Flat/Unit,2 Bedrooms,500
2529,Australia,NSW,Flat/Unit,2 Bedrooms,600
2530,Australia,NSW,Flat/Unit,2 Bedrooms,500
2533,Australia,NSW,Flat/Unit,2 Bedrooms,580
2536,Australia,NSW,Flat/Unit,2 Bedrooms,430
2540,Australia,NSW,Flat/Unit,2 Bedrooms,450
2541,Australia,NSW,Flat/Unit,2 Bedrooms,435
2546,Australia,NSW,Flat/Unit,2 Bedrooms,460
2548,Australia,NSW,Flat/Unit,2 Bedrooms,485
2560,Australia,NSW,Flat/Unit,2 Bedrooms,490
2564,Australia,NSW,Flat/Unit,2 Bedrooms,500
2565,Australia,NSW,Flat/Unit,2 Bedrooms,500
2570,Australia,NSW,Flat/Unit,2 Bedrooms,500
2580,Australia,NSW,Flat/Unit,2 Bedrooms,360
2594,Australia,NSW,Flat/Unit,2 Bedrooms,300
2620,Australia,NSW,Flat/Unit,2 Bedrooms,450
2627,Australia,NSW,Flat/Unit,2 Bedrooms,925
2640,Australia,NSW,Flat/Unit,2 Bedrooms,393
2641,Australia,NSW,Flat/Unit,2 Bedrooms,358
2646,Australia,NSW,Flat/Unit,2 Bedrooms,330
2650,Australia,NSW,Flat/Unit,2 Bedrooms,363
2680,Australia,NSW,Flat/Unit,2 Bedrooms,370
2705,Australia,NSW,Flat/Unit,2 Bedrooms,340
2710,Australia,NSW,Flat/Unit,2 Bedrooms,250
2731,Australia,NSW,Flat/Unit,2 Bedrooms,420
2745,Australia,NSW,Flat/Unit,2 Bedrooms,660
2747,Australia,NSW,Flat/Unit,2 Bedrooms,450
2750,Australia,NSW,Flat/Unit,2 Bedrooms,578
2756,Australia,NSW,Flat/Unit,2 Bedrooms,495
2760,Australia,NSW,Flat/Unit,2 Bedrooms,480
2762,Australia,NSW,Flat/Unit,2 Bedrooms,640
2763,Australia,NSW,Flat/Unit,2 Bedrooms,610
2765,Australia,NSW,Flat/Unit,2 Bedrooms,520
2770,Australia,NSW,Flat/Unit,2 Bedrooms,450
2780,Australia,NSW,Flat/Unit,2 Bedrooms,455
2795,Australia,NSW,Flat/Unit,2 Bedrooms,420
2800,Australia,NSW,Flat/Unit,2 Bedrooms,450
2830,Australia,NSW,Flat/Unit,2 Bedrooms,360
2871,Australia,NSW,Flat/Unit,2 Bedrooms,293
2008,Australia,NSW,House,2 Bedrooms,890
2010,Australia,NSW,House,2 Bedrooms,1000
2015,Australia,NSW,House,2 Bedrooms,900
2016,Australia,NSW,House,2 Bedrooms,950
2017,Australia,NSW,House,2 Bedrooms,1005
2021,Australia,NSW,House,2 Bedrooms,1048
2026,Australia,NSW,House,2 Bedrooms,1100
2031,Australia,NSW,House,2 Bedrooms,1050
2035,Australia,NSW,House,2 Bedrooms,975
2037,Australia,NSW,House,2 Bedrooms,900
2039,Australia,NSW,House,2 Bedrooms,890
2040,Australia,NSW,House,2 Bedrooms,863
2041,Australia,NSW,House,2 Bedrooms,1000
2042,Australia,NSW,House,2 Bedrooms,900
2043,Australia,NSW,House,2 Bedrooms,905
2046,Australia,NSW,House,2 Bedrooms,800
2065,Australia,NSW,House,2 Bedrooms,995
2077,Australia,NSW,House,2 Bedrooms,620
2099,Australia,NSW,House,2 Bedrooms,775
2112,Australia,NSW,House,2 Bedrooms,720
2113,Australia,NSW,House,2 Bedrooms,888
2131,Australia,NSW,House,2 Bedrooms,680
2140,Australia,NSW,House,2 Bedrooms,700
2141,Australia,NSW,House,2 Bedrooms,630
2142,Australia,NSW,House,2 Bedrooms,530
2144,Australia,NSW,House,2 Bedrooms,575
2145,Australia,NSW,House,2 Bedrooms,588
2146,Australia,NSW,House,2 Bedrooms,580
2147,Australia,NSW,House,2 Bedrooms,520
2148,Australia,NSW,House,2 Bedrooms,530
2150,Australia,NSW,House,2 Bedrooms,620
2151,Australia,NSW,House,2 Bedrooms,590
2153,Australia,NSW,House,2 Bedrooms,650
2154,Australia,NSW,House,2 Bedrooms,780
2155,Australia,NSW,House,2 Bedrooms,650
2160,Australia,NSW,House,2 Bedrooms,580
2161,Australia,NSW,House,2 Bedrooms,585
2162,Australia,NSW,House,2 Bedrooms,555
2165,Australia,NSW,House,2 Bedrooms,500
2166,Australia,NSW,House,2 Bedrooms,500
2168,Australia,NSW,House,2 Bedrooms,480
2170,Australia,NSW,House,2 Bedrooms,550
2174,Australia,NSW,House,2 Bedrooms,550
2176,Australia,NSW,House,2 Bedrooms,550
2179,Australia,NSW,House,2 Bedrooms,520
2195,Australia,NSW,House,2 Bedrooms,540
2200,Australia,NSW,House,2 Bedrooms,600
2203,Australia,NSW,House,2 Bedrooms,795
2204,Australia,NSW,House,2 Bedrooms,850
2205,Australia,NSW,House,2 Bedrooms,795
2206,Australia,NSW,House,2 Bedrooms,778
2207,Australia,NSW,House,2 Bedrooms,700
2210,Australia,NSW,House,2 Bedrooms,650
2216,Australia,NSW,House,2 Bedrooms,680
2217,Australia,NSW,House,2 Bedrooms,650
2218,Australia,NSW,House,2 Bedrooms,710
2220,Australia,NSW,House,2 Bedrooms,650
2228,Australia,NSW,House,2 Bedrooms,725
2229,Australia,NSW,House,2 Bedrooms,650
2230,Australia,NSW,House,2 Bedrooms,750
2232,Australia,NSW,House,2 Bedrooms,700
2250,Australia,NSW,House,2 Bedrooms,530
2251,Australia,NSW,House,2 Bedrooms,570
2256,Australia,NSW,House,2 Bedrooms,520
2257,Australia,NSW,House,2 Bedrooms,520
2259,Australia,NSW,House,2 Bedrooms,490
2260,Australia,NSW,House,2 Bedrooms,580
2261,Australia,NSW,House,2 Bedrooms,515
2262,Australia,NSW,House,2 Bedrooms,480
2263,Australia,NSW,House,2 Bedrooms,480
2264,Australia,NSW,House,2 Bedrooms,470
2280,Australia,NSW,House,2 Bedrooms,550
2281,Australia,NSW,House,2 Bedrooms,555
2283,Australia,NSW,House,2 Bedrooms,500
2285,Australia,NSW,House,2 Bedrooms,548
2287,Australia,NSW,House,2 Bedrooms,560
2289,Australia,NSW,House,2 Bedrooms,550
2290,Australia,NSW,House,2 Bedrooms,600
2291,Australia,NSW,House,2 Bedrooms,650
2298,Australia,NSW,House,2 Bedrooms,630
2299,Australia,NSW,House,2 Bedrooms,565
2300,Australia,NSW,House,2 Bedrooms,740
2304,Australia,NSW,House,2 Bedrooms,620
2305,Australia,NSW,House,2 Bedrooms,600
2320,Australia,NSW,House,2 Bedrooms,500
2321,Australia,NSW,House,2 Bedrooms,485
2322,Australia,NSW,House,2 Bedrooms,490
2324,Australia,NSW,House,2 Bedrooms,470
2325,Australia,NSW,House,2 Bedrooms,455
2327,Australia,NSW,House,2 Bedrooms,450
2333,Australia,NSW,House,2 Bedrooms,435
2340,Australia,NSW,House,2 Bedrooms,375
2350,Australia,NSW,House,2 Bedrooms,360
2380,Australia,NSW,House,2 Bedrooms,435
2428,Australia,NSW,House,2 Bedrooms,460
2430,Australia,NSW,House,2 Bedrooms,470
2440,Australia,NSW,House,2 Bedrooms,400
2444,Australia,NSW,House,2 Bedrooms,485
2448,Australia,NSW,House,2 Bedrooms,438
2450,Australia,NSW,House,2 Bedrooms,548
2460,Australia,NSW,House,2 Bedrooms,450
2478,Australia,NSW,House,2 Bedrooms,610
2480,Australia,NSW,House,2 Bedrooms,465
2481,Australia,NSW,House,2 Bedrooms,870
2500,Australia,NSW,House,2 Bedrooms,578
2502,Australia,NSW,House,2 Bedrooms,560
2518,Australia,NSW,House,2 Bedrooms,583
2528,Australia,NSW,House,2 Bedrooms,580
2529,Australia,NSW,House,2 Bedrooms,600
2530,Australia,NSW,House,2 Bedrooms,545
2536,Australia,NSW,House,2 Bedrooms,460
2539,Australia,NSW,House,2 Bedrooms,500
2540,Australia,NSW,House,2 Bedrooms,450
2541,Australia,NSW,House,2 Bedrooms,450
2560,Australia,NSW,House,2 Bedrooms,480
2564,Australia,NSW,House,2 Bedrooms,490
2565,Australia,NSW,House,2 Bedrooms,550
2566,Australia,NSW,House,2 Bedrooms,520
2570,Australia,NSW,House,2 Bedrooms,535
2572,Australia,NSW,House,2 Bedrooms,440
2573,Australia,NSW,House,2 Bedrooms,430
2580,Australia,NSW,House,2 Bedrooms,420
2620,Australia,NSW,House,2 Bedrooms,515
2627,Australia,NSW,House,2 Bedrooms,900
2630,Australia,NSW,House,2 Bedrooms,435
2640,Australia,NSW,House,2 Bedrooms,430
2641,Australia,NSW,House,2 Bedrooms,418
2650,Australia,NSW,House,2 Bedrooms,420
2680,Australia,NSW,House,2 Bedrooms,400
2747,Australia,NSW,House,2 Bedrooms,480
2750,Australia,NSW,House,2 Bedrooms,500
2753,Australia,NSW,House,2 Bedrooms,530
2756,Australia,NSW,House,2 Bedrooms,500
2759,Australia,NSW,House,2 Bedrooms,500
2760,Australia,NSW,House,2 Bedrooms,480
2761,Australia,NSW,House,2 Bedrooms,500
2762,Australia,NSW,House,2 Bedrooms,625
2763,Australia,NSW,House,2 Bedrooms,540
2765,Australia,NSW,House,2 Bedrooms,525
2767,Australia,NSW,House,2 Bedrooms,490
2770,Australia,NSW,House,2 Bedrooms,455
2780,Australia,NSW,House,2 Bedrooms,510
2790,Australia,NSW,House,2 Bedrooms,380
2795,Australia,NSW,House,2 Bedrooms,450
2800,Australia,NSW,House,2 Bedrooms,483
2830,Australia,NSW,House,2 Bedrooms,425
2850,Australia,NSW,House,2 Bedrooms,475
2871,Australia,NSW,House,2 Bedrooms,350
2880,Australia,NSW,House,2 Bedrooms,300
2135,Australia,NSW,Other,2 Bedrooms,700
2140,Australia,NSW,Other,2 Bedrooms,675
2144,Australia,NSW,Other,2 Bedrooms,770
2145,Australia,NSW,Other,2 Bedrooms,570
2148,Australia,NSW,Other,2 Bedrooms,530
2150,Australia,NSW,Other,2 Bedrooms,595
2160,Australia,NSW,Other,2 Bedrooms,580
2162,Australia,NSW,Other,2 Bedrooms,550
2165,Australia,NSW,Other,2 Bedrooms,500
2166,Australia,NSW,Other,2 Bedrooms,450
2168,Australia,NSW,Other,2 Bedrooms,480
2170,Australia,NSW,Other,2 Bedrooms,520
2176,Australia,NSW,Other,2 Bedrooms,550
2195,Australia,NSW,Other,2 Bedrooms,520
2196,Australia,NSW,Other,2 Bedrooms,535
2200,Australia,NSW,Other,2 Bedrooms,580
2220,Australia,NSW,Other,2 Bedrooms,700
2250,Australia,NSW,Other,2 Bedrooms,520
2261,Australia,NSW,Other,2 Bedrooms,500
2444,Australia,NSW,Other,2 Bedrooms,505
2450,Australia,NSW,Other,2 Bedrooms,480
2560,Australia,NSW,Other,2 Bedrooms,470
2770,Australia,NSW,Other,2 Bedrooms,450
2830,Australia,NSW,Other,2 Bedrooms,360
2010,Australia,NSW,Townhouse,2 Bedrooms,950
2021,Australia,NSW,Townhouse,2 Bedrooms,1195
2040,Australia,NSW,Townhouse,2 Bedrooms,868
2042,Australia,NSW,Townhouse,2 Bedrooms,900
2046,Australia,NSW,Townhouse,2 Bedrooms,845
2122,Australia,NSW,Townhouse,2 Bedrooms,695
2145,Australia,NSW,Townhouse,2 Bedrooms,600
2148,Australia,NSW,Townhouse,2 Bedrooms,580
2170,Australia,NSW,Townhouse,2 Bedrooms,590
2250,Australia,NSW,Townhouse,2 Bedrooms,550
2261,Australia,NSW,Townhouse,2 Bedrooms,525
2444,Australia,NSW,Townhouse,2 Bedrooms,500
2450,Australia,NSW,Townhouse,2 Bedrooms,540
2500,Australia,NSW,Townhouse,2 Bedrooms,640
2620,Australia,NSW,Townhouse,2 Bedrooms,540
2640,Australia,NSW,Townhouse,2 Bedrooms,420
2830,Australia,NSW,Townhouse,2 Bedrooms,408
2000,Australia,NSW,Flat/Unit,3 Bedrooms,1950
2009,Australia,NSW,Flat/Unit,3 Bedrooms,1400
2010,Australia,NSW,Flat/Unit,3 Bedrooms,1748
2011,Australia,NSW,Flat/Unit,3 Bedrooms,1700
2015,Australia,NSW,Flat/Unit,3 Bedrooms,1500
2016,Australia,NSW,Flat/Unit,3 Bedrooms,1200
2017,Australia,NSW,Flat/Unit,3 Bedrooms,1500
2018,Australia,NSW,Flat/Unit,3 Bedrooms,1425
2019,Australia,NSW,Flat/Unit,3 Bedrooms,1250
2020,Australia,NSW,Flat/Unit,3 Bedrooms,1350
2022,Australia,NSW,Flat/Unit,3 Bedrooms,1550
2023,Australia,NSW,Flat/Unit,3 Bedrooms,1400
2026,Australia,NSW,Flat/Unit,3 Bedrooms,1500
2027,Australia,NSW,Flat/Unit,3 Bedrooms,1550
2028,Australia,NSW,Flat/Unit,3 Bedrooms,2200
2029,Australia,NSW,Flat/Unit,3 Bedrooms,1450
2030,Australia,NSW,Flat/Unit,3 Bedrooms,1200
2031,Australia,NSW,Flat/Unit,3 Bedrooms,1310
2032,Australia,NSW,Flat/Unit,3 Bedrooms,1200
2033,Australia,NSW,Flat/Unit,3 Bedrooms,1020
2034,Australia,NSW,Flat/Unit,3 Bedrooms,1350
2035,Australia,NSW,Flat/Unit,3 Bedrooms,1150
2036,Australia,NSW,Flat/Unit,3 Bedrooms,1425
2046,Australia,NSW,Flat/Unit,3 Bedrooms,1150
2047,Australia,NSW,Flat/Unit,3 Bedrooms,1100
2060,Australia,NSW,Flat/Unit,3 Bedrooms,1390
2061,Australia,NSW,Flat/Unit,3 Bedrooms,1800
2062,Australia,NSW,Flat/Unit,3 Bedrooms,1100
2065,Australia,NSW,Flat/Unit,3 Bedrooms,1250
2066,Australia,NSW,Flat/Unit,3 Bedrooms,1080
2067,Australia,NSW,Flat/Unit,3 Bedrooms,1260
2071,Australia,NSW,Flat/Unit,3 Bedrooms,1150
2072,Australia,NSW,Flat/Unit,3 Bedrooms,1050
2074,Australia,NSW,Flat/Unit,3 Bedrooms,1100
2077,Australia,NSW,Flat/Unit,3 Bedrooms,800
2088,Australia,NSW,Flat/Unit,3 Bedrooms,1300
2089,Australia,NSW,Flat/Unit,3 Bedrooms,1270
2090,Australia,NSW,Flat/Unit,3 Bedrooms,1280
2093,Australia,NSW,Flat/Unit,3 Bedrooms,1200
2094,Australia,NSW,Flat/Unit,3 Bedrooms,1350
2095,Australia,NSW,Flat/Unit,3 Bedrooms,1500
2096,Australia,NSW,Flat/Unit,3 Bedrooms,1450
2099,Australia,NSW,Flat/Unit,3 Bedrooms,1225
2112,Australia,NSW,Flat/Unit,3 Bedrooms,1000
2113,Australia,NSW,Flat/Unit,3 Bedrooms,1200
2114,Australia,NSW,Flat/Unit,3 Bedrooms,960
2118,Australia,NSW,Flat/Unit,3 Bedrooms,850
2121,Australia,NSW,Flat/Unit,3 Bedrooms,900
2122,Australia,NSW,Flat/Unit,3 Bedrooms,860
2127,Australia,NSW,Flat/Unit,3 Bedrooms,1100
2131,Australia,NSW,Flat/Unit,3 Bedrooms,870
2134,Australia,NSW,Flat/Unit,3 Bedrooms,1000
2135,Australia,NSW,Flat/Unit,3 Bedrooms,900
2137,Australia,NSW,Flat/Unit,3 Bedrooms,1100
2138,Australia,NSW,Flat/Unit,3 Bedrooms,1250
2140,Australia,NSW,Flat/Unit,3 Bedrooms,835
2141,Australia,NSW,Flat/Unit,3 Bedrooms,1000
2142,Australia,NSW,Flat/Unit,3 Bedrooms,745
2144,Australia,NSW,Flat/Unit,3 Bedrooms,850
2145,Australia,NSW,Flat/Unit,3 Bedrooms,750
2150,Australia,NSW,Flat/Unit,3 Bedrooms,870
2151,Australia,NSW,Flat/Unit,3 Bedrooms,710
2153,Australia,NSW,Flat/Unit,3 Bedrooms,800
2154,Australia,NSW,Flat/Unit,3 Bedrooms,880
2155,Australia,NSW,Flat/Unit,3 Bedrooms,780
2160,Australia,NSW,Flat/Unit,3 Bedrooms,720
2170,Australia,NSW,Flat/Unit,3 Bedrooms,650
2200,Australia,NSW,Flat/Unit,3 Bedrooms,700
2205,Australia,NSW,Flat/Unit,3 Bedrooms,1200
2216,Australia,NSW,Flat/Unit,3 Bedrooms,870
2217,Australia,NSW,Flat/Unit,3 Bedrooms,900
2220,Australia,NSW,Flat/Unit,3 Bedrooms,800
2230,Australia,NSW,Flat/Unit,3 Bedrooms,1200
2232,Australia,NSW,Flat/Unit,3 Bedrooms,923
2250,Australia,NSW,Flat/Unit,3 Bedrooms,610
2260,Australia,NSW,Flat/Unit,3 Bedrooms,800
2300,Australia,NSW,Flat/Unit,3 Bedrooms,850
2340,Australia,NSW,Flat/Unit,3 Bedrooms,440
2350,Australia,NSW,Flat/Unit,3 Bedrooms,440
2380,Australia,NSW,Flat/Unit,3 Bedrooms,520
2444,Australia,NSW,Flat/Unit,3 Bedrooms,580
2450,Australia,NSW,Flat/Unit,3 Bedrooms,650
2478,Australia,NSW,Flat/Unit,3 Bedrooms,730
2485,Australia,NSW,Flat/Unit,3 Bedrooms,770
2487,Australia,NSW,Flat/Unit,3 Bedrooms,920
2500,Australia,NSW,Flat/Unit,3 Bedrooms,795
2502,Australia,NSW,Flat/Unit,3 Bedrooms,545
2627,Australia,NSW,Flat/Unit,3 Bedrooms,1500
2650,Australia,NSW,Flat/Unit,3 Bedrooms,550
2680,Australia,NSW,Flat/Unit,3 Bedrooms,450
2747,Australia,NSW,Flat/Unit,3 Bedrooms,680
2750,Australia,NSW,Flat/Unit,3 Bedrooms,680
2760,Australia,NSW,Flat/Unit,3 Bedrooms,568
2762,Australia,NSW,Flat/Unit,3 Bedrooms,710
2010,Australia,NSW,House,3 Bedrooms,1400
2015,Australia,NSW,House,3 Bedrooms,1100
2016,Australia,NSW,House,3 Bedrooms,1350
2018,Australia,NSW,House,3 Bedrooms,1100
2020,Australia,NSW,House,3 Bedrooms,950
2021,Australia,NSW,House,3 Bedrooms,1500
2022,Australia,NSW,House,3 Bedrooms,1550
2026,Australia,NSW,House,3 Bedrooms,1675
2031,Australia,NSW,House,3 Bedrooms,1563
2035,Australia,NSW,House,3 Bedrooms,1100
2036,Australia,NSW,House,3 Bedrooms,1200
2037,Australia,NSW,House,3 Bedrooms,1250
2038,Australia,NSW,House,3 Bedrooms,1263
2039,Australia,NSW,House,3 Bedrooms,1290
2040,Australia,NSW,House,3 Bedrooms,1200
2041,Australia,NSW,House,3 Bedrooms,1350
2042,Australia,NSW,House,3 Bedrooms,1100
2043,Australia,NSW,House,3 Bedrooms,1130
2044,Australia,NSW,House,3 Bedrooms,993
2046,Australia,NSW,House,3 Bedrooms,1100
2047,Australia,NSW,House,3 Bedrooms,1100
2048,Australia,NSW,House,3 Bedrooms,1200
2049,Australia,NSW,House,3 Bedrooms,1100
2065,Australia,NSW,House,3 Bedrooms,1350
2066,Australia,NSW,House,3 Bedrooms,1200
2067,Australia,NSW,House,3 Bedrooms,1075
2068,Australia,NSW,House,3 Bedrooms,1365
2069,Australia,NSW,House,3 Bedrooms,1180
2076,Australia,NSW,House,3 Bedrooms,995
2077,Australia,NSW,House,3 Bedrooms,825
2086,Australia,NSW,House,3 Bedrooms,1225
2087,Australia,NSW,House,3 Bedrooms,1078
2088,Australia,NSW,House,3 Bedrooms,1820
2093,Australia,NSW,House,3 Bedrooms,1550
2099,Australia,NSW,House,3 Bedrooms,1200
2100,Australia,NSW,House,3 Bedrooms,1250
2101,Australia,NSW,House,3 Bedrooms,1250
2106,Australia,NSW,House,3 Bedrooms,1273
2107,Australia,NSW,House,3 Bedrooms,1273
2112,Australia,NSW,House,3 Bedrooms,880
2113,Australia,NSW,House,3 Bedrooms,940
2114,Australia,NSW,House,3 Bedrooms,810
2115,Australia,NSW,House,3 Bedrooms,770
2117,Australia,NSW,House,3 Bedrooms,730
2118,Australia,NSW,House,3 Bedrooms,810
2120,Australia,NSW,House,3 Bedrooms,850
2121,Australia,NSW,House,3 Bedrooms,850
2122,Australia,NSW,House,3 Bedrooms,850
2135,Australia,NSW,House,3 Bedrooms,950
2137,Australia,NSW,House,3 Bedrooms,1000
2138,Australia,NSW,House,3 Bedrooms,900
2141,Australia,NSW,House,3 Bedrooms,720
2142,Australia,NSW,House,3 Bedrooms,690
2144,Australia,NSW,House,3 Bedrooms,750
2145,Australia,NSW,House,3 Bedrooms,725
2146,Australia,NSW,House,3 Bedrooms,680
2147,Australia,NSW,House,3 Bedrooms,630
2148,Australia,NSW,House,3 Bedrooms,630
2150,Australia,NSW,House,3 Bedrooms,720
2151,Australia,NSW,House,3 Bedrooms,770
2153,Australia,NSW,House,3 Bedrooms,760
2154,Australia,NSW,House,3 Bedrooms,800
2155,Australia,NSW,House,3 Bedrooms,820
2160,Australia,NSW,House,3 Bedrooms,700
2161,Australia,NSW,House,3 Bedrooms,680
2162,Australia,NSW,House,3 Bedrooms,730
2164,Australia,NSW,House,3 Bedrooms,680
2165,Australia,NSW,House,3 Bedrooms,660
2166,Australia,NSW,House,3 Bedrooms,600
2167,Australia,NSW,House,3 Bedrooms,710
2168,Australia,NSW,House,3 Bedrooms,600
2170,Australia,NSW,House,3 Bedrooms,680
2171,Australia,NSW,House,3 Bedrooms,700
2173,Australia,NSW,House,3 Bedrooms,700
2176,Australia,NSW,House,3 Bedrooms,700
2177,Australia,NSW,House,3 Bedrooms,735
2179,Australia,NSW,House,3 Bedrooms,700
2190,Australia,NSW,House,3 Bedrooms,838
2192,Australia,NSW,House,3 Bedrooms,850
2193,Australia,NSW,House,3 Bedrooms,900
2194,Australia,NSW,House,3 Bedrooms,780
2195,Australia,NSW,House,3 Bedrooms,800
2196,Australia,NSW,House,3 Bedrooms,750
2197,Australia,NSW,House,3 Bedrooms,690
2199,Australia,NSW,House,3 Bedrooms,700
2200,Australia,NSW,House,3 Bedrooms,750
2203,Australia,NSW,House,3 Bedrooms,1100
2204,Australia,NSW,House,3 Bedrooms,1110
2205,Australia,NSW,House,3 Bedrooms,900
2206,Australia,NSW,House,3 Bedrooms,878
2207,Australia,NSW,House,3 Bedrooms,850
2208,Australia,NSW,House,3 Bedrooms,823
2209,Australia,NSW,House,3 Bedrooms,805
2210,Australia,NSW,House,3 Bedrooms,750
2211,Australia,NSW,House,3 Bedrooms,778
2212,Australia,NSW,House,3 Bedrooms,750
2213,Australia,NSW,House,3 Bedrooms,800
2216,Australia,NSW,House,3 Bedrooms,900
2217,Australia,NSW,House,3 Bedrooms,850
2218,Australia,NSW,House,3 Bedrooms,800
2219,Australia,NSW,House,3 Bedrooms,950
2220,Australia,NSW,House,3 Bedrooms,800
2221,Australia,NSW,House,3 Bedrooms,830
2223,Australia,NSW,House,3 Bedrooms,850
2224,Australia,NSW,House,3 Bedrooms,950
2226,Australia,NSW,House,3 Bedrooms,900
2227,Australia,NSW,House,3 Bedrooms,998
2228,Australia,NSW,House,3 Bedrooms,935
2229,Australia,NSW,House,3 Bedrooms,990
2230,Australia,NSW,House,3 Bedrooms,1200
2232,Australia,NSW,House,3 Bedrooms,900
2233,Australia,NSW,House,3 Bedrooms,850
2234,Australia,NSW,House,3 Bedrooms,950
2250,Australia,NSW,House,3 Bedrooms,670
2251,Australia,NSW,House,3 Bedrooms,728
2256,Australia,NSW,House,3 Bedrooms,685
2257,Australia,NSW,House,3 Bedrooms,688
2258,Australia,NSW,House,3 Bedrooms,600
2259,Australia,NSW,House,3 Bedrooms,600
2260,Australia,NSW,House,3 Bedrooms,800
2261,Australia,NSW,House,3 Bedrooms,650
2262,Australia,NSW,House,3 Bedrooms,585
2263,Australia,NSW,House,3 Bedrooms,570
2264,Australia,NSW,House,3 Bedrooms,580
2265,Australia,NSW,House,3 Bedrooms,550
2280,Australia,NSW,House,3 Bedrooms,660
2281,Australia,NSW,House,3 Bedrooms,728
2282,Australia,NSW,House,3 Bedrooms,725
2283,Australia,NSW,House,3 Bedrooms,600
2284,Australia,NSW,House,3 Bedrooms,650
2285,Australia,NSW,House,3 Bedrooms,680
2286,Australia,NSW,House,3 Bedrooms,655
2287,Australia,NSW,House,3 Bedrooms,650
2289,Australia,NSW,House,3 Bedrooms,750
2290,Australia,NSW,House,3 Bedrooms,720
2291,Australia,NSW,House,3 Bedrooms,850
2293,Australia,NSW,House,3 Bedrooms,840
2298,Australia,NSW,House,3 Bedrooms,700
2299,Australia,NSW,House,3 Bedrooms,685
2300,Australia,NSW,House,3 Bedrooms,950
2303,Australia,NSW,House,3 Bedrooms,760
2304,Australia,NSW,House,3 Bedrooms,700
2305,Australia,NSW,House,3 Bedrooms,700
2307,Australia,NSW,House,3 Bedrooms,630
2315,Australia,NSW,House,3 Bedrooms,650
2317,Australia,NSW,House,3 Bedrooms,640
2318,Australia,NSW,House,3 Bedrooms,605
2319,Australia,NSW,House,3 Bedrooms,560
2320,Australia,NSW,House,3 Bedrooms,590
2321,Australia,NSW,House,3 Bedrooms,600
2322,Australia,NSW,House,3 Bedrooms,610
2323,Australia,NSW,House,3 Bedrooms,600
2324,Australia,NSW,House,3 Bedrooms,565
2325,Australia,NSW,House,3 Bedrooms,550
2326,Australia,NSW,House,3 Bedrooms,550
2327,Australia,NSW,House,3 Bedrooms,540
2330,Australia,NSW,House,3 Bedrooms,575
2333,Australia,NSW,House,3 Bedrooms,510
2335,Australia,NSW,House,3 Bedrooms,580
2337,Australia,NSW,House,3 Bedrooms,510
2340,Australia,NSW,House,3 Bedrooms,470
2350,Australia,NSW,House,3 Bedrooms,460
2352,Australia,NSW,House,3 Bedrooms,495
2360,Australia,NSW,House,3 Bedrooms,410
2365,Australia,NSW,House,3 Bedrooms,410
2370,Australia,NSW,House,3 Bedrooms,360
2380,Australia,NSW,House,3 Bedrooms,480
2390,Australia,NSW,House,3 Bedrooms,520
2400,Australia,NSW,House,3 Bedrooms,400
2422,Australia,NSW,House,3 Bedrooms,450
2428,Australia,NSW,House,3 Bedrooms,600
2429,Australia,NSW,House,3 Bedrooms,500
2430,Australia,NSW,House,3 Bedrooms,523
2431,Australia,NSW,House,3 Bedrooms,520
2440,Australia,NSW,House,3 Bedrooms,480
2444,Australia,NSW,House,3 Bedrooms,625
2446,Australia,NSW,House,3 Bedrooms,575
2447,Australia,NSW,House,3 Bedrooms,550
2448,Australia,NSW,House,3 Bedrooms,560
2450,Australia,NSW,House,3 Bedrooms,660
2452,Australia,NSW,House,3 Bedrooms,640
2454,Australia,NSW,House,3 Bedrooms,650
2456,Australia,NSW,House,3 Bedrooms,670
2460,Australia,NSW,House,3 Bedrooms,470
2463,Australia,NSW,House,3 Bedrooms,570
2464,Australia,NSW,House,3 Bedrooms,650
2470,Australia,NSW,House,3 Bedrooms,500
2474,Australia,NSW,House,3 Bedrooms,470
2477,Australia,NSW,House,3 Bedrooms,700
2478,Australia,NSW,House,3 Bedrooms,780
2479,Australia,NSW,House,3 Bedrooms,950
2480,Australia,NSW,House,3 Bedrooms,600
2481,Australia,NSW,House,3 Bedrooms,1150
2482,Australia,NSW,House,3 Bedrooms,850
2483,Australia,NSW,House,3 Bedrooms,885
2484,Australia,NSW,House,3 Bedrooms,680
2485,Australia,NSW,House,3 Bedrooms,820
2486,Australia,NSW,House,3 Bedrooms,850
2487,Australia,NSW,House,3 Bedrooms,950
2489,Australia,NSW,House,3 Bedrooms,805
2500,Australia,NSW,House,3 Bedrooms,720
2502,Australia,NSW,House,3 Bedrooms,630
2505,Australia,NSW,House,3 Bedrooms,650
2506,Australia,NSW,House,3 Bedrooms,620
2515,Australia,NSW,House,3 Bedrooms,955
2516,Australia,NSW,House,3 Bedrooms,795
2518,Australia,NSW,House,3 Bedrooms,700
2519,Australia,NSW,House,3 Bedrooms,750
2525,Australia,NSW,House,3 Bedrooms,700
2526,Australia,NSW,House,3 Bedrooms,690
2527,Australia,NSW,House,3 Bedrooms,670
2528,Australia,NSW,House,3 Bedrooms,680
2529,Australia,NSW,House,3 Bedrooms,750
2530,Australia,NSW,House,3 Bedrooms,650
2533,Australia,NSW,House,3 Bedrooms,760
2535,Australia,NSW,House,3 Bedrooms,650
2536,Australia,NSW,House,3 Bedrooms,573
2537,Australia,NSW,House,3 Bedrooms,600
2539,Australia,NSW,House,3 Bedrooms,575
2540,Australia,NSW,House,3 Bedrooms,535
2541,Australia,NSW,House,3 Bedrooms,550
2546,Australia,NSW,House,3 Bedrooms,550
2548,Australia,NSW,House,3 Bedrooms,660
2550,Australia,NSW,House,3 Bedrooms,555
2557,Australia,NSW,House,3 Bedrooms,693
2558,Australia,NSW,House,3 Bedrooms,625
2560,Australia,NSW,House,3 Bedrooms,600
2564,Australia,NSW,House,3 Bedrooms,620
2565,Australia,NSW,House,3 Bedrooms,668
2566,Australia,NSW,House,3 Bedrooms,600
2567,Australia,NSW,House,3 Bedrooms,660
2570,Australia,NSW,House,3 Bedrooms,680
2571,Australia,NSW,House,3 Bedrooms,580
2573,Australia,NSW,House,3 Bedrooms,580
2575,Australia,NSW,House,3 Bedrooms,650
2576,Australia,NSW,House,3 Bedrooms,780
2577,Australia,NSW,House,3 Bedrooms,650
2580,Australia,NSW,House,3 Bedrooms,490
2582,Australia,NSW,House,3 Bedrooms,570
2583,Australia,NSW,House,3 Bedrooms,470
2590,Australia,NSW,House,3 Bedrooms,400
2594,Australia,NSW,House,3 Bedrooms,448
2620,Australia,NSW,House,3 Bedrooms,645
2627,Australia,NSW,House,3 Bedrooms,1500
2628,Australia,NSW,House,3 Bedrooms,550
2630,Australia,NSW,House,3 Bedrooms,500
2640,Australia,NSW,House,3 Bedrooms,520
2641,Australia,NSW,House,3 Bedrooms,495
2646,Australia,NSW,House,3 Bedrooms,470
2650,Australia,NSW,House,3 Bedrooms,500
2663,Australia,NSW,House,3 Bedrooms,415
2666,Australia,NSW,House,3 Bedrooms,375
2671,Australia,NSW,House,3 Bedrooms,450
2680,Australia,NSW,House,3 Bedrooms,500
2700,Australia,NSW,House,3 Bedrooms,428
2705,Australia,NSW,House,3 Bedrooms,420
2710,Australia,NSW,House,3 Bedrooms,410
2714,Australia,NSW,House,3 Bedrooms,450
2720,Australia,NSW,House,3 Bedrooms,438
2731,Australia,NSW,House,3 Bedrooms,550
2745,Australia,NSW,House,3 Bedrooms,650
2747,Australia,NSW,House,3 Bedrooms,620
2749,Australia,NSW,House,3 Bedrooms,623
2750,Australia,NSW,House,3 Bedrooms,630
2753,Australia,NSW,House,3 Bedrooms,660
2754,Australia,NSW,House,3 Bedrooms,600
2756,Australia,NSW,House,3 Bedrooms,650
2759,Australia,NSW,House,3 Bedrooms,650
2760,Australia,NSW,House,3 Bedrooms,580
2761,Australia,NSW,House,3 Bedrooms,630
2762,Australia,NSW,House,3 Bedrooms,700
2763,Australia,NSW,House,3 Bedrooms,670
2765,Australia,NSW,House,3 Bedrooms,700
2766,Australia,NSW,House,3 Bedrooms,630
2767,Australia,NSW,House,3 Bedrooms,650
2768,Australia,NSW,House,3 Bedrooms,730
2770,Australia,NSW,House,3 Bedrooms,530
2773,Australia,NSW,House,3 Bedrooms,680
2774,Australia,NSW,House,3 Bedrooms,650
2777,Australia,NSW,House,3 Bedrooms,670
2780,Australia,NSW,House,3 Bedrooms,600
2782,Australia,NSW,House,3 Bedrooms,630
2790,Australia,NSW,House,3 Bedrooms,450
2794,Australia,NSW,House,3 Bedrooms,393
2795,Australia,NSW,House,3 Bedrooms,528
2800,Australia,NSW,House,3 Bedrooms,550
2820,Australia,NSW,House,3 Bedrooms,530
2821,Australia,NSW,House,3 Bedrooms,450
2830,Australia,NSW,House,3 Bedrooms,515
2835,Australia,NSW,House,3 Bedrooms,350
2850,Australia,NSW,House,3 Bedrooms,578
2870,Australia,NSW,House,3 Bedrooms,433
2871,Australia,NSW,House,3 Bedrooms,390
2880,Australia,NSW,House,3 Bedrooms,350
2144,Australia,NSW,Other,3 Bedrooms,680
2145,Australia,NSW,Other,3 Bedrooms,705
2165,Australia,NSW,Other,3 Bedrooms,650
2166,Australia,NSW,Other,3 Bedrooms,640
2170,Australia,NSW,Other,3 Bedrooms,680
2200,Australia,NSW,Other,3 Bedrooms,700
2340,Australia,NSW,Other,3 Bedrooms,450
2450,Australia,NSW,Other,3 Bedrooms,680
2830,Australia,NSW,Other,3 Bedrooms,450
2035,Australia,NSW,Townhouse,3 Bedrooms,1250
2036,Australia,NSW,Townhouse,3 Bedrooms,1350
2037,Australia,NSW,Townhouse,3 Bedrooms,1200
2040,Australia,NSW,Townhouse,3 Bedrooms,1250
2042,Australia,NSW,Townhouse,3 Bedrooms,1125
2065,Australia,NSW,Townhouse,3 Bedrooms,1265
2118,Australia,NSW,Townhouse,3 Bedrooms,780
2122,Australia,NSW,Townhouse,3 Bedrooms,865
2141,Australia,NSW,Townhouse,3 Bedrooms,770
2145,Australia,NSW,Townhouse,3 Bedrooms,730
2148,Australia,NSW,Townhouse,3 Bedrooms,650
2151,Australia,NSW,Townhouse,3 Bedrooms,775
2153,Australia,NSW,Townhouse,3 Bedrooms,790
2154,Australia,NSW,Townhouse,3 Bedrooms,850
2155,Australia,NSW,Townhouse,3 Bedrooms,800
2160,Australia,NSW,Townhouse,3 Bedrooms,728
2165,Australia,NSW,Townhouse,3 Bedrooms,675
2170,Australia,NSW,Townhouse,3 Bedrooms,700
2200,Australia,NSW,Townhouse,3 Bedrooms,780
2229,Australia,NSW,Townhouse,3 Bedrooms,1000
2230,Australia,NSW,Townhouse,3 Bedrooms,1250
2232,Australia,NSW,Townhouse,3 Bedrooms,900
2250,Australia,NSW,Townhouse,3 Bedrooms,680
2261,Australia,NSW,Townhouse,3 Bedrooms,650
2287,Australia,NSW,Townhouse,3 Bedrooms,690
2290,Australia,NSW,Townhouse,3 Bedrooms,720
2315,Australia,NSW,Townhouse,3 Bedrooms,630
2444,Australia,NSW,Townhouse,3 Bedrooms,610
2450,Australia,NSW,Townhouse,3 Bedrooms,650
2478,Australia,NSW,Townhouse,3 Bedrooms,800
2481,Australia,NSW,Townhouse,3 Bedrooms,1013
2486,Australia,NSW,Townhouse,3 Bedrooms,750
2489,Australia,NSW,Townhouse,3 Bedrooms,750
2500,Australia,NSW,Townhouse,3 Bedrooms,750
2527,Australia,NSW,Townhouse,3 Bedrooms,680
2528,Australia,NSW,Townhouse,3 Bedrooms,690
2529,Australia,NSW,Townhouse,3 Bedrooms,740
2530,Australia,NSW,Townhouse,3 Bedrooms,720
2620,Australia,NSW,Townhouse,3 Bedrooms,665
2627,Australia,NSW,Townhouse,3 Bedrooms,1500
2747,Australia,NSW,Townhouse,3 Bedrooms,590
2750,Australia,NSW,Townhouse,3 Bedrooms,550
2760,Australia,NSW,Townhouse,3 Bedrooms,600
2763,Australia,NSW,Townhouse,3 Bedrooms,650
2766,Australia,NSW,Townhouse,3 Bedrooms,600
2770,Australia,NSW,Townhouse,3 Bedrooms,520
2010,Australia,NSW,House,4 or more Bedrooms,1670
2021,Australia,NSW,House,4 or more Bedrooms,1860
2023,Australia,NSW,House,4 or more Bedrooms,2550
2024,Australia,NSW,House,4 or more Bedrooms,2275
2026,Australia,NSW,House,4 or more Bedrooms,2580
2030,Australia,NSW,House,4 or more Bedrooms,3300
2031,Australia,NSW,House,4 or more Bedrooms,2500
2034,Australia,NSW,House,4 or more Bedrooms,1950
2035,Australia,NSW,House,4 or more Bedrooms,1773
2036,Australia,NSW,House,4 or more Bedrooms,1800
2040,Australia,NSW,House,4 or more Bedrooms,1390
2042,Australia,NSW,House,4 or more Bedrooms,1480
2046,Australia,NSW,House,4 or more Bedrooms,1825
2063,Australia,NSW,House,4 or more Bedrooms,2525
2065,Australia,NSW,House,4 or more Bedrooms,1625
2066,Australia,NSW,House,4 or more Bedrooms,1710
2067,Australia,NSW,House,4 or more Bedrooms,1450
2068,Australia,NSW,House,4 or more Bedrooms,1680
2069,Australia,NSW,House,4 or more Bedrooms,1650
2070,Australia,NSW,House,4 or more Bedrooms,1650
2071,Australia,NSW,House,4 or more Bedrooms,1800
2073,Australia,NSW,House,4 or more Bedrooms,1650
2074,Australia,NSW,House,4 or more Bedrooms,1650
2075,Australia,NSW,House,4 or more Bedrooms,1400
2076,Australia,NSW,House,4 or more Bedrooms,1450
2077,Australia,NSW,House,4 or more Bedrooms,1075
2085,Australia,NSW,House,4 or more Bedrooms,1550
2086,Australia,NSW,House,4 or more Bedrooms,1375
2087,Australia,NSW,House,4 or more Bedrooms,1350
2088,Australia,NSW,House,4 or more Bedrooms,3000
2092,Australia,NSW,House,4 or more Bedrooms,2350
2093,Australia,NSW,House,4 or more Bedrooms,2250
2097,Australia,NSW,House,4 or more Bedrooms,1725
2099,Australia,NSW,House,4 or more Bedrooms,1650
2100,Australia,NSW,House,4 or more Bedrooms,1700
2101,Australia,NSW,House,4 or more Bedrooms,1795
2103,Australia,NSW,House,4 or more Bedrooms,1500
2107,Australia,NSW,House,4 or more Bedrooms,1673
2111,Australia,NSW,House,4 or more Bedrooms,1400
2112,Australia,NSW,House,4 or more Bedrooms,1435
2113,Australia,NSW,House,4 or more Bedrooms,1500
2114,Australia,NSW,House,4 or more Bedrooms,1250
2115,Australia,NSW,House,4 or more Bedrooms,1150
2117,Australia,NSW,House,4 or more Bedrooms,1020
2118,Australia,NSW,House,4 or more Bedrooms,1090
2119,Australia,NSW,House,4 or more Bedrooms,1190
2120,Australia,NSW,House,4 or more Bedrooms,1100
2121,Australia,NSW,House,4 or more Bedrooms,1100
2122,Australia,NSW,House,4 or more Bedrooms,1250
2125,Australia,NSW,House,4 or more Bedrooms,1150
2126,Australia,NSW,House,4 or more Bedrooms,1200
2135,Australia,NSW,House,4 or more Bedrooms,1365
2137,Australia,NSW,House,4 or more Bedrooms,1525
2141,Australia,NSW,House,4 or more Bedrooms,1000
2142,Australia,NSW,House,4 or more Bedrooms,900
2144,Australia,NSW,House,4 or more Bedrooms,950
2145,Australia,NSW,House,4 or more Bedrooms,900
2146,Australia,NSW,House,4 or more Bedrooms,800
2147,Australia,NSW,House,4 or more Bedrooms,800
2148,Australia,NSW,House,4 or more Bedrooms,730
2151,Australia,NSW,House,4 or more Bedrooms,950
2153,Australia,NSW,House,4 or more Bedrooms,955
2154,Australia,NSW,House,4 or more Bedrooms,1100
2155,Australia,NSW,House,4 or more Bedrooms,895
2156,Australia,NSW,House,4 or more Bedrooms,900
2160,Australia,NSW,House,4 or more Bedrooms,980
2161,Australia,NSW,House,4 or more Bedrooms,980
2162,Australia,NSW,House,4 or more Bedrooms,925
2164,Australia,NSW,House,4 or more Bedrooms,900
2165,Australia,NSW,House,4 or more Bedrooms,850
2166,Australia,NSW,House,4 or more Bedrooms,835
2167,Australia,NSW,House,4 or more Bedrooms,800
2168,Australia,NSW,House,4 or more Bedrooms,740
2170,Australia,NSW,House,4 or more Bedrooms,850
2171,Australia,NSW,House,4 or more Bedrooms,820
2173,Australia,NSW,House,4 or more Bedrooms,850
2174,Australia,NSW,House,4 or more Bedrooms,870
2176,Australia,NSW,House,4 or more Bedrooms,880
2179,Australia,NSW,House,4 or more Bedrooms,788
2190,Australia,NSW,House,4 or more Bedrooms,1175
2196,Australia,NSW,House,4 or more Bedrooms,1000
2197,Australia,NSW,House,4 or more Bedrooms,1000
2198,Australia,NSW,House,4 or more Bedrooms,1075
2199,Australia,NSW,House,4 or more Bedrooms,980
2200,Australia,NSW,House,4 or more Bedrooms,950
2204,Australia,NSW,House,4 or more Bedrooms,1400
2206,Australia,NSW,House,4 or more Bedrooms,1163
2207,Australia,NSW,House,4 or more Bedrooms,1150
2210,Australia,NSW,House,4 or more Bedrooms,975
2211,Australia,NSW,House,4 or more Bedrooms,1135
2212,Australia,NSW,House,4 or more Bedrooms,1115
2213,Australia,NSW,House,4 or more Bedrooms,1100
2217,Australia,NSW,House,4 or more Bedrooms,950
2219,Australia,NSW,House,4 or more Bedrooms,1300
2220,Australia,NSW,House,4 or more Bedrooms,1250
2221,Australia,NSW,House,4 or more Bedrooms,1300
2223,Australia,NSW,House,4 or more Bedrooms,1225
2224,Australia,NSW,House,4 or more Bedrooms,1163
2227,Australia,NSW,House,4 or more Bedrooms,1325
2228,Australia,NSW,House,4 or more Bedrooms,1325
2229,Australia,NSW,House,4 or more Bedrooms,1500
2230,Australia,NSW,House,4 or more Bedrooms,1500
2232,Australia,NSW,House,4 or more Bedrooms,1150
2233,Australia,NSW,House,4 or more Bedrooms,1100
2234,Australia,NSW,House,4 or more Bedrooms,1150
2250,Australia,NSW,House,4 or more Bedrooms,825
2251,Australia,NSW,House,4 or more Bedrooms,950
2256,Australia,NSW,House,4 or more Bedrooms,810
2257,Australia,NSW,House,4 or more Bedrooms,890
2259,Australia,NSW,House,4 or more Bedrooms,770
2260,Australia,NSW,House,4 or more Bedrooms,975
2261,Australia,NSW,House,4 or more Bedrooms,823
2262,Australia,NSW,House,4 or more Bedrooms,710
2263,Australia,NSW,House,4 or more Bedrooms,770
2264,Australia,NSW,House,4 or more Bedrooms,720
2265,Australia,NSW,House,4 or more Bedrooms,765
2280,Australia,NSW,House,4 or more Bedrooms,848
2281,Australia,NSW,House,4 or more Bedrooms,1000
2282,Australia,NSW,House,4 or more Bedrooms,900
2283,Australia,NSW,House,4 or more Bedrooms,765
2284,Australia,NSW,House,4 or more Bedrooms,870
2285,Australia,NSW,House,4 or more Bedrooms,800
2287,Australia,NSW,House,4 or more Bedrooms,775
2289,Australia,NSW,House,4 or more Bedrooms,900
2290,Australia,NSW,House,4 or more Bedrooms,890
2291,Australia,NSW,House,4 or more Bedrooms,1180
2295,Australia,NSW,House,4 or more Bedrooms,763
2298,Australia,NSW,House,4 or more Bedrooms,800
2299,Australia,NSW,House,4 or more Bedrooms,725
2303,Australia,NSW,House,4 or more Bedrooms,950
2305,Australia,NSW,House,4 or more Bedrooms,1000
2315,Australia,NSW,House,4 or more Bedrooms,773
2318,Australia,NSW,House,4 or more Bedrooms,740
2319,Australia,NSW,House,4 or more Bedrooms,660
2320,Australia,NSW,House,4 or more Bedrooms,680
2321,Australia,NSW,House,4 or more Bedrooms,680
2322,Australia,NSW,House,4 or more Bedrooms,740
2323,Australia,NSW,House,4 or more Bedrooms,750
2324,Australia,NSW,House,4 or more Bedrooms,700
2325,Australia,NSW,House,4 or more Bedrooms,640
2330,Australia,NSW,House,4 or more Bedrooms,720
2333,Australia,NSW,House,4 or more Bedrooms,585
2335,Australia,NSW,House,4 or more Bedrooms,720
2340,Australia,NSW,House,4 or more Bedrooms,593
2350,Australia,NSW,House,4 or more Bedrooms,575
2360,Australia,NSW,House,4 or more Bedrooms,500
2380,Australia,NSW,House,4 or more Bedrooms,640
2390,Australia,NSW,House,4 or more Bedrooms,560
2428,Australia,NSW,House,4 or more Bedrooms,660
2430,Australia,NSW,House,4 or more Bedrooms,650
2431,Australia,NSW,House,4 or more Bedrooms,620
2440,Australia,NSW,House,4 or more Bedrooms,600
2444,Australia,NSW,House,4 or more Bedrooms,750
2445,Australia,NSW,House,4 or more Bedrooms,725
2446,Australia,NSW,House,4 or more Bedrooms,670
2448,Australia,NSW,House,4 or more Bedrooms,680
2450,Australia,NSW,House,4 or more Bedrooms,780
2452,Australia,NSW,House,4 or more Bedrooms,800
2456,Australia,NSW,House,4 or more Bedrooms,750
2460,Australia,NSW,House,4 or more Bedrooms,550
2464,Australia,NSW,House,4 or more Bedrooms,750
2477,Australia,NSW,House,4 or more Bedrooms,780
2478,Australia,NSW,House,4 or more Bedrooms,960
2479,Australia,NSW,House,4 or more Bedrooms,1300
2480,Australia,NSW,House,4 or more Bedrooms,698
2481,Australia,NSW,House,4 or more Bedrooms,1650
2483,Australia,NSW,House,4 or more Bedrooms,1225
2484,Australia,NSW,House,4 or more Bedrooms,823
2486,Australia,NSW,House,4 or more Bedrooms,950
2487,Australia,NSW,House,4 or more Bedrooms,1450
2500,Australia,NSW,House,4 or more Bedrooms,905
2515,Australia,NSW,House,4 or more Bedrooms,1250
2517,Australia,NSW,House,4 or more Bedrooms,1100
2518,Australia,NSW,House,4 or more Bedrooms,980
2519,Australia,NSW,House,4 or more Bedrooms,900
2526,Australia,NSW,House,4 or more Bedrooms,850
2527,Australia,NSW,House,4 or more Bedrooms,800
2528,Australia,NSW,House,4 or more Bedrooms,825
2529,Australia,NSW,House,4 or more Bedrooms,893
2530,Australia,NSW,House,4 or more Bedrooms,810
2533,Australia,NSW,House,4 or more Bedrooms,900
2534,Australia,NSW,House,4 or more Bedrooms,800
2536,Australia,NSW,House,4 or more Bedrooms,650
2537,Australia,NSW,House,4 or more Bedrooms,700
2539,Australia,NSW,House,4 or more Bedrooms,645
2540,Australia,NSW,House,4 or more Bedrooms,650
2541,Australia,NSW,House,4 or more Bedrooms,650
2548,Australia,NSW,House,4 or more Bedrooms,710
2550,Australia,NSW,House,4 or more Bedrooms,650
2557,Australia,NSW,House,4 or more Bedrooms,760
2560,Australia,NSW,House,4 or more Bedrooms,750
2563,Australia,NSW,House,4 or more Bedrooms,750
2564,Australia,NSW,House,4 or more Bedrooms,685
2565,Australia,NSW,House,4 or more Bedrooms,830
2566,Australia,NSW,House,4 or more Bedrooms,750
2567,Australia,NSW,House,4 or more Bedrooms,775
2570,Australia,NSW,House,4 or more Bedrooms,770
2571,Australia,NSW,House,4 or more Bedrooms,800
2572,Australia,NSW,House,4 or more Bedrooms,700
2573,Australia,NSW,House,4 or more Bedrooms,680
2575,Australia,NSW,House,4 or more Bedrooms,778
2576,Australia,NSW,House,4 or more Bedrooms,900
2577,Australia,NSW,House,4 or more Bedrooms,800
2580,Australia,NSW,House,4 or more Bedrooms,610
2590,Australia,NSW,House,4 or more Bedrooms,530
2594,Australia,NSW,House,4 or more Bedrooms,500
2619,Australia,NSW,House,4 or more Bedrooms,830
2620,Australia,NSW,House,4 or more Bedrooms,820
2627,Australia,NSW,House,4 or more Bedrooms,1400
2630,Australia,NSW,House,4 or more Bedrooms,665
2640,Australia,NSW,House,4 or more Bedrooms,650
2641,Australia,NSW,House,4 or more Bedrooms,580
2650,Australia,NSW,House,4 or more Bedrooms,600
2651,Australia,NSW,House,4 or more Bedrooms,600
2680,Australia,NSW,House,4 or more Bedrooms,600
2745,Australia,NSW,House,4 or more Bedrooms,825
2747,Australia,NSW,House,4 or more Bedrooms,800
2749,Australia,NSW,House,4 or more Bedrooms,785
2750,Australia,NSW,House,4 or more Bedrooms,790
2752,Australia,NSW,House,4 or more Bedrooms,783
2753,Australia,NSW,House,4 or more Bedrooms,750
2754,Australia,NSW,House,4 or more Bedrooms,880
2756,Australia,NSW,House,4 or more Bedrooms,800
2759,Australia,NSW,House,4 or more Bedrooms,840
2760,Australia,NSW,House,4 or more Bedrooms,720
2761,Australia,NSW,House,4 or more Bedrooms,780
2762,Australia,NSW,House,4 or more Bedrooms,800
2763,Australia,NSW,House,4 or more Bedrooms,780
2765,Australia,NSW,House,4 or more Bedrooms,818
2766,Australia,NSW,House,4 or more Bedrooms,780
2767,Australia,NSW,House,4 or more Bedrooms,770
2768,Australia,NSW,House,4 or more Bedrooms,850
2769,Australia,NSW,House,4 or more Bedrooms,880
2770,Australia,NSW,House,4 or more Bedrooms,625
2774,Australia,NSW,House,4 or more Bedrooms,860
2780,Australia,NSW,House,4 or more Bedrooms,760
2790,Australia,NSW,House,4 or more Bedrooms,600
2795,Australia,NSW,House,4 or more Bedrooms,620
2800,Australia,NSW,House,4 or more Bedrooms,663
2830,Australia,NSW,House,4 or more Bedrooms,600
2850,Australia,NSW,House,4 or more Bedrooms,660
2870,Australia,NSW,House,4 or more Bedrooms,495
2871,Australia,NSW,House,4 or more Bedrooms,490
2880,Australia,NSW,House,4 or more Bedrooms,490
2166,Australia,NSW,Other,4 or more Bedrooms,820
2145,Australia,NSW,Townhouse,4 or more Bedrooms,900
2161,Australia,NSW,Townhouse,4 or more Bedrooms,1050
2200,Australia,NSW,Townhouse,4 or more Bedrooms,950
2212,Australia,NSW,Townhouse,4 or more Bedrooms,1100
2229,Australia,NSW,Townhouse,4 or more Bedrooms,1450
2760,Australia,NSW,Townhouse,4 or more Bedrooms,670
2000,Australia,NSW,Flat/Unit,Bedsitter,650
2008,Australia,NSW,Flat/Unit,Bedsitter,650
2010,Australia,NSW,Flat/Unit,Bedsitter,495
2011,Australia,NSW,Flat/Unit,Bedsitter,500
2021,Australia,NSW,Flat/Unit,Bedsitter,493
2026,Australia,NSW,Flat/Unit,Bedsitter,565
2037,Australia,NSW,Flat/Unit,Bedsitter,483
2042,Australia,NSW,Flat/Unit,Bedsitter,480
2043,Australia,NSW,Flat/Unit,Bedsitter,900
2060,Australia,NSW,Flat/Unit,Bedsitter,575
2061,Australia,NSW,Flat/Unit,Bedsitter,575
2130,Australia,NSW,Flat/Unit,Bedsitter,580
2160,Australia,NSW,Flat/Unit,Bedsitter,613
2000,Australia,NSW,Other,Bedsitter,90
